<?xml version="1.0"?>  
<ML-CONFIG>  
  <VERBOSITY level="1"/>
  <SURROUND value="true"/>  
  <PARAMETER name="thresholdProbabilityEntity" value="0.5"/>  
  <PARAMETER name="thresholdProbabilityBoundary" value="0.7"/> 
  <EVALUATION method="holdout" ratio="0.66"/>  
  <ENGINE nickname="PAUM" implementationName="PAUM"  
        options="-p 50 -n 5 -optB 0.3"/>  
  <DATASET>
    <INSTANCE-TYPE>Token</INSTANCE-TYPE>  
    <ATTRIBUTELIST>  
       <NAME>Tokencategory</NAME>  
       <SEMTYPE>NOMINAL</SEMTYPE>  
       <TYPE>Token</TYPE>  
       <FEATURE>category</FEATURE>  
       <RANGE from="-2" to="2"/>  
    </ATTRIBUTELIST>
    <ATTRIBUTELIST>  
       <NAME>Tokenkind</NAME>  
       <SEMTYPE>NOMINAL</SEMTYPE>  
       <TYPE>Token</TYPE>  
       <FEATURE>kind</FEATURE>  
       <RANGE from="-4" to="4"/>  
     </ATTRIBUTELIST> 
    <ATTRIBUTELIST>  
       <NAME>Tokenstring</NAME>  
       <SEMTYPE>NOMINAL</SEMTYPE>  
       <TYPE>Token</TYPE>  
       <FEATURE>string</FEATURE>  
       <RANGE from="-4" to="4"/>  
     </ATTRIBUTELIST> 
     <ATTRIBUTELIST>  
       <NAME>Gaz</NAME>  
       <SEMTYPE>NOMINAL</SEMTYPE>  
       <TYPE>Lookup</TYPE>  
       <FEATURE>majorType</FEATURE>  
       <RANGE from="-4" to="4"/>  
     </ATTRIBUTELIST> 
     <ATTRIBUTE>
       <NAME>Learned</NAME>
       <SEMTYPE>NOMINAL</SEMTYPE>
       <TYPE>Comment</TYPE>
       <FEATURE>sentiment</FEATURE>
       <POSITION>0</POSITION>
       <CLASS/>
     </ATTRIBUTE>
   </DATASET>  
</ML-CONFIG> 
