<?xml version="1.0"?>  
<ML-CONFIG>  
  <SURROUND value="false"/>  
  <IS-LABEL-UPDATABLE value="true"/>  
  <IS-NLPFEATURELIST-UPDATABLE value="true"/>  
  <PARAMETER name="thresholdProbabilityEntity" value="0.2"/>  
  <PARAMETER name="thresholdProbabilityBoundary" value="0.42"/>  
  <PARAMETER name="thresholdProbabilityClassification" value="0.5"/>  
  <EVALUATION method="holdout" runs="2" ratio="0.66"/>  
  <ENGINE nickname="KNN" implementationName="KNNWeka" options = " -k 5 "/>  
  <DATASET>  
     <INSTANCE-TYPE>Sentence</INSTANCE-TYPE>  
     <NGRAM>  
        <NAME>Sent1gram</NAME>  
        <NUMBER>1</NUMBER>  
        <CONSNUM>2</CONSNUM>  
        <CONS-1>  
            <TYPE>Token</TYPE>  
            <FEATURE>stem</FEATURE>  
        </CONS-1>  
        <CONS-2>  
            <TYPE>Token</TYPE>  
            <FEATURE>category</FEATURE>  
        </CONS-2>  
        <WEIGHT>10.0</WEIGHT>  
     </NGRAM>  
     <ATTRIBUTE>  
       <NAME>Learned</NAME>
       <SEMTYPE>NOMINAL</SEMTYPE>
       <TYPE>Comment</TYPE>
       <FEATURE>sentiment</FEATURE>
       <POSITION>0</POSITION>
       <CLASS/>
     </ATTRIBUTE>  
   </DATASET>  
</ML-CONFIG>